mean,std,avg,median,min,max,skewness,kurtosis,gender,digit
0.025053442359355502,0.07476962629575876,0.025108157941598326,0.008832979534938817,0.23167482780636814,1.0,0.12648571505340195,1.0,male,0
0.032809156562751615,0.08718434641810544,0.032891915669166744,0.009071297224939134,0.25436990973768137,1.0,0.14635903906959227,1.0,male,0
0.041461797365999684,0.1050847734107857,0.041510264940938846,0.013679451056103997,0.3232568954834532,1.0,0.17850706305412276,1.0,male,0
0.05799079038608481,0.11696901002576389,0.05804185234657787,0.02192329277371384,1.0,1.0,0.2070776165884355,1.0,male,0
0.05659801766381615,0.12129080044266104,0.05665832800497641,0.017656166602211146,0.6757359192629826,1.0,0.24556874486972866,1.0,male,0
0.035049290675204584,0.0888611227917222,0.03509660320043803,0.010783965152894058,0.1182335444361073,1.0,0.1628674158547293,1.0,male,0
0.03282655779550287,0.08235640706137012,0.0328908786116733,0.010927219776000531,0.27799842875925507,1.0,0.15906638361142697,1.0,male,0
0.03588125578690714,0.07425650235466978,0.035914926866522784,0.01850796346063579,0.05998694864550898,1.0,0.11573696362519463,1.0,male,0
0.053338030568496876,0.1106084399603706,0.053385372090232135,0.018571433545463378,0.23207532091850797,1.0,0.2046439421700194,1.0,male,0
0.027980499338861313,0.08017249302049839,0.02802540222202803,0.009028390694873554,0.08201968113064308,1.0,0.13187935504824785,1.0,male,0
0.021106030619838394,0.05821562331190544,0.021170600130907987,0.00713875003404395,0.09871652442494297,1.0,0.09203909404331832,1.0,male,0
0.02216360121610013,0.06519058511140445,0.02221674525052799,0.006227106979855574,0.13827673122045916,1.0,0.11259017592537668,1.0,male,0
0.019804506688026403,0.05749822427046521,0.019868195760959224,0.005774116909508411,0.13865388474277968,1.0,0.09636105615789049,1.0,male,0
0.028951581918053262,0.0773828745392142,0.029027820401151254,0.009342715615916004,0.3119664686549233,1.0,0.12326751403834481,1.0,male,0
0.06372208231126554,0.11505111019712948,0.06379612199240219,0.028175572531225733,1.0,1.0,0.20055606192671876,1.0,male,0
0.018169455044493504,0.05226197907133283,0.0182276910833428,0.005852191381426587,0.19162169655079472,1.0,0.08373121258391117,1.0,male,0
0.05105937213175954,0.11093738520039274,0.05109588140939356,0.016642406127892636,0.21721172991670368,1.0,0.21004893741940645,1.0,male,0
0.022998035518080936,0.07165093488897421,0.023074138503324824,0.007378282285583275,0.17464527494035728,1.0,0.10228891535261117,1.0,male,0
0.023424648174091726,0.07742235754991317,0.023481064753197466,0.006373118984095746,0.11958931908917696,1.0,0.12117503960543445,1.0,male,0
0.045002840332908065,0.09671001386816697,0.04505178901910393,0.01804588714020244,0.2903559827190447,1.0,0.17305167431788085,1.0,male,0
0.05580915377304953,0.0992626513458449,0.05584846268376735,0.02575227263114525,1.0,1.0,0.16928015300730648,1.0,male,0
0.03381378089752421,0.09030352401582036,0.033864205145405134,0.009372371527242159,0.1372758116965957,1.0,0.16566092144694547,1.0,male,0
0.04957329138642807,0.10280381773866278,0.04962695352586948,0.01591593434219711,0.7602421213191938,1.0,0.22676398536190465,1.0,male,0
0.04364976056996332,0.09566391908167876,0.04369534145795786,0.014267227384157541,0.16018989484454127,1.0,0.18253170528525184,1.0,male,0
0.02293857365329263,0.06671643058193683,0.022997556891153913,0.007113666773977806,0.20789811536085365,1.0,0.11016312932960891,1.0,male,0
0.0702167820264223,0.11613183711399541,0.07027297457724868,0.03374813279329969,1.0,1.0,0.20754969929515735,1.0,male,0
0.040659200690790265,0.09195442098172232,0.04071853198411495,0.014270151816955724,0.20854705476667934,1.0,0.1503792769548118,1.0,male,0
0.04821097738374709,0.10578112773798287,0.04823980229245323,0.014192080787256143,1.0,1.0,0.2059319532791101,1.0,male,0
0.021728698678193558,0.06067438209353818,0.021795562776803577,0.0076778072121481905,0.19779657809845788,1.0,0.09990880496674816,1.0,male,0
0.03699207105856575,0.0972414749681222,0.03704477432014174,0.010988559937653684,0.11301628216950256,1.0,0.16038437079297832,1.0,male,0
0.032906374001331146,0.08611887172939939,0.03296123647382974,0.009257696846491956,0.2107257150142077,1.0,0.16193727037936984,1.0,male,0
0.04373849301665012,0.10189719585674817,0.043812085761796606,0.013858097582680397,0.7628342502384693,1.0,0.17654923482827445,1.0,male,0
0.05125169303786331,0.0970138295668841,0.05127418013177786,0.020724644464649892,0.26956604283021884,1.0,0.15795287157202423,1.0,male,0
0.017425048197439987,0.05982867654066723,0.017458884536146795,0.0055748157196115365,0.05552950021598914,1.0,0.0971139407248437,1.0,male,0
0.07674590290420019,0.127283207789466,0.07678255622779803,0.03811769747402762,1.0,1.0,0.23487272717306046,1.0,male,0
0.020351843340960237,0.06217366779590907,0.02040693411681094,0.007117943072267337,0.24699035421663298,1.0,0.10626086678885002,1.0,male,0
0.042183194108980596,0.09168043293873063,0.042222390611244665,0.016066139937140338,0.10755093073070203,1.0,0.15234773756228726,1.0,male,0
0.05237573276266381,0.11575658287725218,0.052455122457746944,0.018778975043486267,0.47113508565832907,1.0,0.18198109702574247,1.0,male,0
0.048868714324297464,0.10705873213351887,0.048902819517806,0.013418998177095144,0.6186531371394632,1.0,0.20231066130358022,1.0,male,0
0.07076569694072658,0.11915659084374475,0.07080288702945564,0.03104230704217349,1.0,1.0,0.23007742457404085,1.0,male,0
0.05220433370722499,0.11426896784461323,0.05225707291443105,0.018196706863996465,0.6772301332076508,1.0,0.19191266151840497,1.0,male,0
0.03756797437166397,0.10140340689559457,0.037612787559854644,0.010969522215777742,0.9168744146927996,1.0,0.16116914184452166,1.0,male,0
0.058258247488868334,0.12006351241199456,0.05832816990861553,0.01940116786121578,0.7976178798813383,1.0,0.22920057454533221,1.0,male,0
0.060979625628364634,0.12446522164873089,0.06104157197562825,0.021756531057117216,1.0,1.0,0.22333018312123126,1.0,male,0
0.049949645279455245,0.11356693164314773,0.05001341511513145,0.01785126353233756,1.0,1.0,0.18391267359140437,1.0,male,0
0.019921276281092557,0.06332609648137844,0.019976721053549737,0.005671123217629882,0.09643918481380354,1.0,0.10690020641680616,1.0,male,0
0.024179481964647493,0.06419302598881867,0.024248995592327214,0.00879806709949023,0.10160169967225775,1.0,0.10612683615002529,1.0,male,0
0.047904697865990484,0.10647288415968606,0.04796453139049312,0.017017248560579845,0.7690092351671677,1.0,0.16994414293440366,1.0,male,0
0.0562333796908475,0.11700948294689441,0.056284508055848656,0.018214531872923247,0.7817603769159609,1.0,0.2151865013270557,1.0,male,0
0.0666473345019743,0.11798227070959261,0.06667766619566978,0.026916117782846343,1.0,1.0,0.21655640777832802,1.0,male,0
0.022227763806485116,0.06518633509796273,0.02228239399661564,0.00418988287192206,0.10152920397142459,1.0,0.10907657277832124,1.0,male,1
0.025943697279489773,0.07057699728492912,0.02599513372591166,0.006292655566084188,0.1574066337172952,1.0,0.12954941533081224,1.0,male,1
0.025371173348492527,0.07090431291422108,0.02540795210331468,0.004131577899987328,0.07931291984010166,1.0,0.12178320847900173,1.0,male,1
0.036861768563727554,0.0820879832816175,0.03691936949615937,0.009842811463315629,0.24310795407829175,1.0,0.13382578985666035,1.0,male,1
0.02581200823944321,0.0698170527569957,0.02585718028716634,0.004994595389238924,0.12733147666415479,1.0,0.12975572952890604,1.0,male,1
0.041762573900183765,0.09593553510757513,0.041819667209575695,0.010266970714773008,0.14816192187763053,1.0,0.1665003652383408,1.0,male,1
0.03437698029035405,0.07449567716181829,0.03443356649515506,0.006032421155267942,0.3280043337919978,1.0,0.14257086160491206,1.0,male,1
0.02073937498879034,0.06318721130656921,0.020798729848604477,0.003421850120007238,0.08440487739987626,1.0,0.1072193731458342,1.0,male,1
0.03634020042543281,0.08460065571006412,0.036397861419070594,0.008316971793547697,0.10176563927353778,1.0,0.13601969549708812,1.0,male,1
0.047181540336265905,0.09808822618918833,0.047222300155835194,0.009488945738470275,0.7060815578222477,1.0,0.1892758534324656,1.0,male,1
0.021030772183435707,0.05317193996982219,0.021077753080640967,0.005488286276586203,0.03939724689747239,1.0,0.07736352260281999,1.0,male,1
0.03427922279104341,0.07451417873381899,0.0343221922634575,0.0066119811038940655,0.31366318731236076,1.0,0.13590021883818557,1.0,male,1
0.03154273108724412,0.08121325465817501,0.03162492979830891,0.008612140645287078,0.11920321062417984,1.0,0.14422880362263388,1.0,male,1
0.018195397392565458,0.055437108343958166,0.01821522802181447,0.003923870212121159,0.01987779507032049,1.0,0.07886225803035943,1.0,male,1
0.03242193986180586,0.07521341998202222,0.032483874498113914,0.005929468491735842,0.1980732378886136,1.0,0.14980577829247754,1.0,male,1
0.0270634366221226,0.06886421364312556,0.027135704318298346,0.005788862740332674,0.10164853422494916,1.0,0.10625023508953883,1.0,male,1
0.05234291333361404,0.1098052320781202,0.052423704449226914,0.009543618255632134,0.3796624763531612,1.0,0.2125264924599394,1.0,male,1
0.022563612018236697,0.06476190316494916,0.022621252999182564,0.005814596192526921,0.16938083160362785,1.0,0.10316036734635219,1.0,male,1
0.01828362950298061,0.05835271146875378,0.018334749307071557,0.00315692150713571,0.05131771414128819,1.0,0.08889083207515905,1.0,male,1
0.07063867067048496,0.13412253407427435,0.07070287764449887,0.015529888719745056,1.0,1.0,0.2578140755261999,1.0,male,1
0.02581144796493376,0.07077070898975613,0.02589280420272924,0.006879661126341524,0.135458747730744,1.0,0.10258275965588404,1.0,male,1
0.02038985426252658,0.06297034410888315,0.020419228239394408,0.004457712402967033,0.046493219204404204,1.0,0.09982635215160077,1.0,male,1
0.04109602523615585,0.09614581039763928,0.04117120880645614,0.010221496422976145,0.3070363013580526,1.0,0.18563743834952395,1.0,male,1
0.026374480321924236,0.06324642312326723,0.026455174186229943,0.006471617551091244,0.1669952136478781,1.0,0.10060126230184434,1.0,male,1
0.030918125694674736,0.07760165153358879,0.03096655885076391,0.007772732910479128,0.34768907701096974,1.0,0.13522916479148395,1.0,male,1
0.028488202705789195,0.07311716306327744,0.028567924996376285,0.007028795903758222,0.13181187501908703,1.0,0.11100633659257557,1.0,male,1
0.01799742749017511,0.048310266405062835,0.018038951482759837,0.004790307388700807,0.03759906030746422,1.0,0.06665989395749124,1.0,male,1
0.0453188465540488,0.09607230406314725,0.04537812942754756,0.009168386655701652,0.25604601152062306,1.0,0.18298783436761243,1.0,male,1
0.04289492147689403,0.10249512959582226,0.042957870639690476,0.008582911054024854,0.24122559073757951,1.0,0.15960019309564244,1.0,male,1
0.03494573310725203,0.07575646493556035,0.03502890364040889,0.007030226918624476,0.14325617458297432,1.0,0.12317486652916029,1.0,male,1
0.01738346998595961,0.04710395191222828,0.017442554013816607,0.005046829949216015,0.040988360343051186,1.0,0.0660836710210631,1.0,male,1
0.03988179637570861,0.10014119303767995,0.03995394499337473,0.008970701345643255,0.3758494113746136,1.0,0.16714891854843378,1.0,male,1
0.027798311371218652,0.06971202507059229,0.027848520544008836,0.0064831870674264555,0.1101277865420288,1.0,0.12224890337333774,1.0,male,1
0.017331470151085746,0.051351264269770304,0.01735337629267297,0.0030912043737346905,0.023441338886841228,1.0,0.07506043944191587,1.0,male,1
0.03640746614999059,0.07878361200356225,0.03645346283121401,0.010670243137871441,0.5234022263454197,1.0,0.13859728730114726,1.0,male,1
0.027782596893800724,0.06593945022018605,0.027854285199980695,0.007124877628137814,0.21213785640778945,1.0,0.11148762266149699,1.0,male,1
0.03140638616197023,0.07914225201347323,0.03145753061230484,0.007636290231315606,0.15151905068005697,1.0,0.14057919750673656,1.0,male,1
0.022624752253549516,0.06663916992713215,0.022679297440121763,0.004637272044366809,0.1752847470331526,1.0,0.10592397963228581,1.0,male,1
0.05121854477908607,0.10320125580953587,0.05125986535338227,0.008239162291175214,1.0,1.0,0.24751513812868411,1.0,male,1
0.05521728987487505,0.10373626114423268,0.05526794189977814,0.011736483062207571,0.642012134814637,1.0,0.22571598394033404,1.0,male,1
0.022268242873825325,0.058578859100726466,0.02230403212653172,0.004587945031181914,0.05975748853376196,1.0,0.09280411618118004,1.0,male,1
0.023364819340448557,0.06450763380887037,0.023417758288827764,0.003838581777773425,0.10586133640100841,1.0,0.11035486049391321,1.0,male,1
0.025993416354036184,0.06085294081877022,0.02603869583365173,0.005526355933856752,0.07025898616264827,1.0,0.09772454839539448,1.0,male,1
0.05820305907368108,0.12672976034807654,0.05824178722241216,0.012687083973200187,0.1836301315181441,1.0,0.20861329462192219,1.0,male,1
0.02585764051046537,0.06548364001157568,0.025866299954076338,0.007091145671613701,0.020798386892338056,1.0,0.11607822799927106,1.0,male,1
0.03884393010073906,0.09504786130986981,0.038893433236793465,0.008155949610624756,0.12020027497989859,1.0,0.16579957113560156,1.0,male,1
0.050402911333002995,0.09869134860563056,0.05042832406072421,0.011295599743206932,0.08639376672901596,1.0,0.2063264238007508,1.0,male,1
0.030332460787185565,0.08122798195147095,0.030390766925503503,0.007744972571650454,0.2056310993133576,1.0,0.13235862207733579,1.0,male,1
0.04664083432905165,0.09470971806761429,0.046686305078276626,0.008413638969935433,0.4696042693252604,1.0,0.2019660727602519,1.0,male,1
0.025783918491123492,0.06260564566023506,0.025806641624812863,0.006141738004789807,0.03498074118814681,1.0,0.09716700768401779,1.0,male,1
0.047290454945239854,0.11268344209417519,0.047310603978868916,0.01477438113139715,0.06589985350499088,1.0,0.21471472943266837,1.0,male,2
0.021777272985158934,0.06103661682394322,0.02189376334138285,0.008761502776060566,0.12720132418218846,1.0,0.08563574565135532,1.0,male,2
0.04956082569602299,0.11472603652212977,0.049630931694793844,0.017070277860985403,0.29898237514919457,1.0,0.20050478082679116,1.0,male,2
0.04792822403294867,0.10891205242831602,0.04801702979522075,0.017613848951362518,0.6460958597012977,1.0,0.18643753078921696,1.0,male,2
0.023801208302973748,0.0632084199037706,0.02387017112445828,0.010421527668301945,0.07398572528905617,1.0,0.08969993883784784,1.0,male,2
0.049902582897190274,0.10212616771121831,0.04997643475080142,0.0218180935821672,0.673026797042513,1.0,0.17123337894442167,1.0,male,2
0.029526977257925514,0.0754180301154553,0.02960250845575239,0.010102761074517385,0.11155731460712397,1.0,0.10308152360795667,1.0,male,2
0.019123687411384645,0.059519208203355795,0.019140198508781073,0.007200670023977169,0.015404614736559456,1.0,0.08567352365308292,1.0,male,2
0.023197968735547875,0.06423282752491369,0.023276233255569528,0.008283144982217912,0.1326677013213081,1.0,0.09694215784102533,1.0,male,2
0.0343524632935826,0.09327768259608708,0.03441881398945393,0.011718608592668414,0.09169981642116225,1.0,0.13312931815121376,1.0,male,2
0.02190567730679866,0.06356208801179423,0.022022746973797833,0.009166172789090706,0.12041445682871857,1.0,0.09524634837198617,1.0,male,2
0.03261435121649967,0.08111679225582175,0.03269977720077297,0.012038127959964937,0.4219030878536972,1.0,0.1361358191087006,1.0,male,2
0.03154402448624901,0.07942270809247011,0.031632309002684274,0.01399362773374295,0.10192517556585752,1.0,0.1164141864328602,1.0,male,2
0.04972265512832365,0.1122714052878206,0.049826975923598485,0.017497615713774343,0.33865488043304665,1.0,0.17966379419590486,1.0,male,2
0.021248622407070667,0.0686498699310301,0.0213102602196104,0.007971016839724076,0.04986420478441764,1.0,0.09542148231716659,1.0,male,2
0.02615980182690924,0.07658525885803938,0.02624891422268532,0.009434539390246782,0.1639162099005494,1.0,0.1168651545152703,1.0,male,2
0.0206534611683241,0.06636590762483119,0.02075593595159953,0.0073976798215713065,0.12839743766434333,1.0,0.09310512723074195,1.0,male,2
0.023802258214897076,0.06896852814284345,0.02386470029433759,0.008450870691326369,0.0813574750982112,1.0,0.10006255013826608,1.0,male,2
0.045394976780758885,0.10579296185114423,0.04546524778763036,0.01671346867781376,0.283480100364422,1.0,0.17250337013451486,1.0,male,2
0.02614238977925032,0.07160264730699961,0.026228947005395662,0.009501939160094295,0.24349110816372918,1.0,0.1254268712081006,1.0,male,2
0.023794302062110542,0.06662623748998638,0.023827697506038085,0.009251706747860314,0.04277825977312789,1.0,0.09691049071082618,1.0,male,2
0.023097924718772422,0.07122757076082302,0.023190374256987303,0.008194321425990773,0.19446008604755344,1.0,0.09875092972614335,1.0,male,2
0.022512771772187776,0.060736113902685844,0.022611961017636538,0.009899914967334434,0.1954384512894552,1.0,0.08668025167447485,1.0,male,2
0.025459115459940188,0.07452048382606444,0.025530257319020852,0.008829208427485259,0.24930079336094327,1.0,0.11965388073650496,1.0,male,2
0.03165923185799888,0.06688529668812226,0.03178300617556563,0.013057130436537754,0.1232013608059891,1.0,0.09961552284799839,1.0,male,2
0.01882087845345952,0.06036187362524192,0.01887384032112596,0.006516729378513767,0.06645466831801032,1.0,0.09543983773032146,1.0,male,2
0.03848776915676287,0.08998660638194872,0.038553829794519164,0.015428674742342548,0.6729264252767677,1.0,0.1465588623482312,1.0,male,2
0.04783016529516514,0.09966046128968742,0.04790578019048896,0.01843066220620997,1.0,1.0,0.17480991097160256,1.0,male,2
0.0404392448697911,0.09494258575998125,0.04051485459780509,0.016859042849706633,0.27668362427788534,1.0,0.149740661729134,1.0,male,2
0.04112999310983903,0.10151124761448295,0.041240461568816326,0.014790100533545344,0.25262956375295104,1.0,0.1625537286495687,1.0,male,2
0.022036822050797163,0.06394146240804607,0.022115850931988798,0.009048386523699903,0.06580621799148662,1.0,0.08856363390226941,1.0,male,2
0.021662815948126437,0.06157656052984879,0.021742311507757944,0.009396308486464547,0.23058886992293498,1.0,0.09709052720354687,1.0,male,2
0.024844056190443692,0.06838688966368182,0.02490756733349786,0.009078178470925487,0.23591383527188842,1.0,0.11459529663567468,1.0,male,2
0.022706418601073832,0.06946778457972816,0.022766611825302638,0.00744132084704286,0.056771315411972494,1.0,0.09392898085415875,1.0,male,2
0.056370084280543915,0.12673884090145027,0.05643226341057652,0.015648011375879376,0.23637126514760887,1.0,0.2369226874552084,1.0,male,2
0.030657885275869847,0.08663264425647534,0.030758218211964856,0.010992564393472015,0.18001689752739916,1.0,0.12170310643714248,1.0,male,2
0.025398897055153455,0.07107752570540246,0.025479520112526483,0.010113924638223673,0.5252670020121769,1.0,0.11139332787105165,1.0,male,2
0.04184095471272018,0.09871510772955458,0.04189362436212801,0.015711074548875763,0.2648790151339778,1.0,0.15305326912287692,1.0,male,2
0.049438287984879946,0.10271071623964753,0.04955282452765028,0.0221319679146311,0.5348888330615845,1.0,0.16036198900552523,1.0,male,2
0.024177822539308398,0.06280966110354466,0.0242558430487805,0.010282581644487929,0.07122596386816903,1.0,0.08926504457112634,1.0,male,2
0.01930831584362375,0.06319604847839493,0.01934373567664396,0.006028648064871502,0.037186440995338146,1.0,0.09124754945795106,1.0,male,2
0.03781055037650451,0.08752496463800419,0.037941090163236574,0.01433761813777199,0.2346571465174016,1.0,0.15641360150465514,1.0,male,2
0.022397286062854085,0.06630884687026084,0.02243276856916442,0.007661317085598911,0.050520940237473735,1.0,0.10989698859986183,1.0,male,2
0.017248469975373236,0.05513091993156248,0.017317446935857142,0.006838197677316686,0.06639662755756603,1.0,0.08315767989953231,1.0,male,2
0.022286987180540938,0.06054431376059184,0.02240639284082187,0.010712322654644642,0.08179043272780659,1.0,0.08572016828404334,1.0,male,2
0.03174738520733494,0.07806281177430045,0.03183446052613485,0.012560453102054971,0.41811805396663704,1.0,0.12874128881702943,1.0,male,2
0.03619678345117132,0.08825279166122431,0.03629857641546891,0.015420367421630131,0.34965245453279625,1.0,0.13134875143880484,1.0,male,2
0.0432820863154191,0.09190746682599191,0.04332842792987543,0.016678551023615085,0.0936039328716141,1.0,0.16522513982235246,1.0,male,2
0.046729071150972724,0.10591324320652339,0.04681456693776005,0.016924650051317578,0.3043775663846666,1.0,0.17817906851521517,1.0,male,2
0.02885902973955065,0.07198590745458576,0.028958407831884296,0.013714246180259496,0.16193481345275101,1.0,0.10641475115981716,1.0,male,2
0.021625826112188933,0.0676222522956974,0.021718570508985485,0.008806587565806198,0.10128773452481561,1.0,0.09397156218824722,1.0,male,3
0.025189287888746373,0.07960323299281563,0.025212175661191414,0.008324918515728627,0.0335701838205033,1.0,0.11072244235440447,1.0,male,3
0.03550412760269176,0.08917092768838468,0.03559935297275384,0.012339688616202006,0.3047658648328759,1.0,0.14631642376008258,1.0,male,3
0.030452846978167285,0.08705539307942287,0.03053105818916076,0.009299237947903992,0.22856227687407962,1.0,0.14403091293590028,1.0,male,3
0.02982817298413155,0.07116800883784946,0.029883791758683213,0.009563647325353183,0.19912291793951528,1.0,0.1180251763209078,1.0,male,3
0.018262103079314626,0.06140434377529814,0.018327194934436034,0.0056865976477919735,0.052276412505830934,1.0,0.08977166196020714,1.0,male,3
0.020068729919239876,0.06728544294572489,0.020153382437505,0.0069581489851130544,0.08027154522475567,1.0,0.0995433425406995,1.0,male,3
0.01985973385104289,0.06847554880300577,0.019921865704366947,0.007123291380653714,0.07128074502655433,1.0,0.09743666220903702,1.0,male,3
0.04844938619519264,0.11111609963664991,0.04853388707062589,0.017729232919832836,0.23639268790213797,1.0,0.18548031084720545,1.0,male,3
0.022521427119762197,0.06946419888566871,0.022569462557838267,0.008085005556508588,0.054541998148596546,1.0,0.10164509652585539,1.0,male,3
0.04656639197940299,0.09437038510339621,0.04661600909306959,0.015142821049852503,0.2915116860456456,1.0,0.16137771372315168,1.0,male,3
0.03874516289866888,0.09993829108814331,0.038762034159378664,0.012596367694369972,0.034081258907271816,1.0,0.1736980441160512,1.0,male,3
0.013927298173369053,0.053744489262871745,0.013999019693328858,0.00465300437833081,0.09604962017508797,1.0,0.07087324382944063,1.0,male,3
0.03563968388551751,0.08495184081618817,0.035706947864068396,0.014395754567667837,0.22113574202262193,1.0,0.12672387184114883,1.0,male,3
0.023920379929774926,0.06935988444568514,0.02402519791861554,0.007581894112788031,0.10544592009051414,1.0,0.10532474267228507,1.0,male,3
0.04537373786722713,0.10544440463614686,0.04545196863249969,0.015569118055961324,0.46772808652804215,1.0,0.1910628826453743,1.0,male,3
0.018581838104159108,0.05998387174076602,0.018653283581207686,0.005765241845772133,0.17393472837141455,1.0,0.09284842798682288,1.0,male,3
0.025541021351801845,0.07918260995700788,0.025607344715787274,0.0057162708549577486,0.12240083635693379,1.0,0.13265727070076605,1.0,male,3
0.03756400192668775,0.08898579137003945,0.03763679976389223,0.014056575578398338,0.1284452831466959,1.0,0.1545057775923365,1.0,male,3
0.05766189524489491,0.11764087886203736,0.05773480421251245,0.021960506466345925,0.289086609060402,1.0,0.20344200024990963,1.0,male,3
0.03517148349757711,0.08767707734361908,0.03526138035611765,0.012338796605443604,0.1829601640894002,1.0,0.14946652834512933,1.0,male,3
0.0538655719585962,0.11669354745841032,0.053919931296298726,0.014929428302818137,0.7662374218960077,1.0,0.2230179028381552,1.0,male,3
0.056218232745018006,0.12473517775315042,0.05630281089481995,0.02053152842514249,0.6543412521609184,1.0,0.2030808273641122,1.0,male,3
0.04009158021783629,0.08950157453511397,0.04014710130676838,0.015421187004248384,0.28412143100388365,1.0,0.15194920723698338,1.0,male,3
0.03677624347770871,0.08680601150096993,0.03686463577948947,0.013550189919514418,0.32422961377976545,1.0,0.17664505010993337,1.0,male,3
0.022242606078360493,0.0653489111835168,0.022260290948727435,0.00887414206847639,0.017806663825656443,1.0,0.09318980815106394,1.0,male,3
0.026543849920667675,0.07843767668958518,0.026580780967480826,0.00941332753735056,0.06800542488991201,1.0,0.12273194412046096,1.0,male,3
0.06787035730362018,0.12514938243803383,0.06794160139579884,0.020149318001489194,1.0,1.0,0.2350829705895844,1.0,male,3
0.022561145832293256,0.06785261675321615,0.022621978927142437,0.007204638874578223,0.07466359228887463,1.0,0.10771641779389603,1.0,male,3
0.02954244705000312,0.07590011787450354,0.029638336162260408,0.008234492848461531,0.18067916047957697,1.0,0.11314750610999064,1.0,male,3
0.038471658156390545,0.10229749622970126,0.03855093895194971,0.009693941216238353,0.5229923884690473,1.0,0.17521645370575306,1.0,male,3
0.03905485514868506,0.09547010805979808,0.03915431989024316,0.014013091946345898,0.3569022070314645,1.0,0.1575445414211125,1.0,male,3
0.03228826335729288,0.08680756382247629,0.03233107606656169,0.010137405117523096,0.08067606074246879,1.0,0.12377772769205989,1.0,male,3
0.05946941920121133,0.11837441316164003,0.059538308600799006,0.019048325674623515,0.6456558338360269,1.0,0.23960027121928446,1.0,male,3
0.0210761933238077,0.06121522656261367,0.02115503504045621,0.009666656931470877,0.05248619561930577,1.0,0.0784957329716882,1.0,male,3
0.05715829834241964,0.11796265482507014,0.0572171660332489,0.021470003774875807,0.7169962654522563,1.0,0.20658685396448043,1.0,male,3
0.03099890009139749,0.084418123746967,0.03111745615014921,0.009293397542561891,0.17281869129219257,1.0,0.13286195809163553,1.0,male,3
0.04638434624268426,0.09213102528708952,0.046455132411977226,0.020504472183755822,0.15653475886791818,1.0,0.15028492180025624,1.0,male,3
0.025698521933910718,0.07697025274810196,0.025767742609234038,0.007511382976888968,0.10572306211819402,1.0,0.12227269745102745,1.0,male,3
0.03571988062595522,0.08956051899723289,0.0357248613966155,0.013141862363354061,0.010252311335213187,1.0,0.15767178374091242,1.0,male,3
0.036539209175673756,0.0892894127650433,0.03662577696015878,0.011502531792384689,0.23880581025045494,1.0,0.14976799806453994,1.0,male,3
0.013891203634809415,0.052081484808207644,0.013936018822359229,0.00525902575245644,0.04436102960464065,1.0,0.07685463165231911,1.0,male,3
0.01796613076652362,0.060584722320135447,0.018048162170984074,0.006156933168584675,0.07413025253629771,1.0,0.08745910886457203,1.0,male,3
0.01861424930926126,0.06241963140878734,0.018632665928086392,0.006146981286589989,0.01892332484251802,1.0,0.08611443506715495,1.0,male,3
0.04513344909059248,0.1091147454945564,0.04519663124026725,0.01299433040558421,0.47203185866810127,1.0,0.18046292825458998,1.0,male,3
0.022367261443985827,0.06624753520388085,0.0224379341849027,0.008007806282787378,0.09407128540780829,1.0,0.09270605392956133,1.0,male,3
0.04791364388985281,0.11158484031897092,0.047989124867177,0.01615591362627084,0.35751996309666906,1.0,0.19093018406437173,1.0,male,3
0.03111073945446778,0.0845106734775997,0.031201109690555076,0.01005830559213598,0.14673336374478976,1.0,0.1431917343538623,1.0,male,3
0.022166735480663786,0.0629429277972647,0.022193581883567945,0.00629223561008899,0.036635384987807655,1.0,0.09560416370370842,1.0,male,3
0.027434597410596437,0.0767589220698041,0.027489011423243427,0.0112875404818572,0.161963883204376,1.0,0.1331717593943676,1.0,male,3
0.024191006098132725,0.07509761070263721,0.024261687957822884,0.004872030285899626,0.09947776795112528,1.0,0.10810095747145067,1.0,male,4
0.02871979793094632,0.07713875818713765,0.028764443427722705,0.005473860462978126,0.0657130005581072,1.0,0.12754757546599743,1.0,male,4
0.021853218899470395,0.06105813629819558,0.021878958628150546,0.003088266361056695,0.04690080503315066,1.0,0.08899442149572068,1.0,male,4
0.03235500863309329,0.0738970083843794,0.032411948441283235,0.006081198861633844,0.1856247341701336,1.0,0.13300720663046917,1.0,male,4
0.03747557528731478,0.09315080627227396,0.037486811242404175,0.006896667466527219,0.030071181656116473,1.0,0.15342294221435826,1.0,male,4
0.07160589698753432,0.14093272615645247,0.07166044966658044,0.013121922748353897,1.0,1.0,0.3035084118523658,1.0,male,4
0.022267390249678488,0.07094154831788374,0.02233399082316653,0.005869883879502642,0.1863601595392582,1.0,0.10418602916228317,1.0,male,4
0.022299946715905496,0.06306730300196964,0.022338759825645687,0.0038119044125211007,0.23026789298453382,1.0,0.09248426339163299,1.0,male,4
0.028170884361024776,0.0786955366758873,0.028230717608355823,0.005330883422527735,0.1275483375068626,1.0,0.12223610507189796,1.0,male,4
0.049929061977286526,0.11485133266366493,0.04997015095098913,0.00648950600037018,0.9305450055072922,1.0,0.1972684660904556,1.0,male,4
0.0314962492300786,0.07843330289550735,0.031550862262180845,0.0064192688590274305,0.12014530601609158,1.0,0.11531010404394916,1.0,male,4
0.052985206357962195,0.11824949445821495,0.053021974941952675,0.008399748372476314,0.9666013133054117,1.0,0.2261462270539454,1.0,male,4
0.03339529481117455,0.07753010669757782,0.03343281810934371,0.006598961644058309,0.09393953495368905,1.0,0.14475341866052363,1.0,male,4
0.03623234453808901,0.07811217900858489,0.03629269381513842,0.006223320700883892,0.39245803661915185,1.0,0.14785170300643682,1.0,male,4
0.014946226843804315,0.045899777940432936,0.014974785262613912,0.0036841972310318106,0.0310998451298837,1.0,0.0690415634138359,1.0,male,4
0.036890111920211154,0.09065373450463486,0.036925670227537066,0.005741977126789705,0.11800444422687413,1.0,0.14601138371097014,1.0,male,4
0.052587780427287574,0.10631192512531606,0.05265998000507054,0.012615640247779678,0.2598703560963094,1.0,0.21932591996499923,1.0,male,4
0.025854699817839243,0.0740787005051382,0.025894403266385382,0.0050629944483411,0.04477624337477974,1.0,0.11701790212064905,1.0,male,4
0.026496730073392212,0.06792073767278381,0.026551242756962055,0.005903336987953507,0.15022694493401387,1.0,0.12126202653897934,1.0,male,4
0.049883145254635296,0.11805542009956516,0.049985175226538364,0.006593032550184061,0.20698867786310554,1.0,0.1986584717417994,1.0,male,4
0.05066358968587774,0.116616049604758,0.050709826960262196,0.008826514996189907,0.16494906911243704,1.0,0.2092948675804248,1.0,male,4
0.03371952447393867,0.08442785893393638,0.03377011289902656,0.007005038451537889,0.4735874671604949,1.0,0.12464793571503124,1.0,male,4
0.03470631705244532,0.082595544752674,0.03476919150026922,0.006374658046921361,0.18609955130311998,1.0,0.13347639211736287,1.0,male,4
0.024015348646236372,0.0717628149803337,0.024079846430441552,0.005240291017295472,0.11966402559342383,1.0,0.11807210098199039,1.0,male,4
0.04262637603645366,0.10336975658606809,0.042683571863493655,0.0067329777755963955,0.251466459900222,1.0,0.18950590804297265,1.0,male,4
0.023957311825768577,0.06756014069274315,0.023997881631206013,0.004793254674908102,0.126032027236481,1.0,0.09708589442256862,1.0,male,4
0.028146021264728878,0.06840818228169451,0.028207972024609115,0.005916285125595606,0.21875121900030722,1.0,0.11224949967989496,1.0,male,4
0.07269532441861959,0.1470997558212832,0.07273581252050937,0.010059408748843764,1.0,1.0,0.35449052110097784,1.0,male,4
0.04538935606464989,0.09917294901458383,0.04544874448859654,0.009385894744786485,0.2842073147819562,1.0,0.17848166190208753,1.0,male,4
0.032966470220985256,0.08597692257878678,0.033030876742396485,0.006178859524756514,0.15004649325377037,1.0,0.15219344698013967,1.0,male,4
0.026981743257102554,0.07560482432441624,0.027035457920022207,0.006333677878030411,0.08996943467040781,1.0,0.11572212161851547,1.0,male,4
0.05268714606850239,0.10801454427836032,0.05273957555486789,0.010830963017556951,0.41279219259074396,1.0,0.24081107702536686,1.0,male,4
0.022118397481302433,0.06085839159892124,0.022151204138526163,0.004425908676207002,0.05632446640163507,1.0,0.09712273629913297,1.0,male,4
0.0281515949401853,0.07391086908138542,0.028195611957016243,0.0058521760992272555,0.18507532327081455,1.0,0.12920789003469332,1.0,male,4
0.020506247177774852,0.06031349811254341,0.02056043433451557,0.004401512146310076,0.08811632912345364,1.0,0.0985127570695678,1.0,male,4
0.02156136963641861,0.06527168045660937,0.021579447651823246,0.0044304352945441616,0.036197037582837197,1.0,0.11307507719770779,1.0,male,4
0.04809079782100842,0.10370963618006777,0.0481395461943024,0.008695930090261872,0.2489463902686508,1.0,0.20348102011787048,1.0,male,4
0.031154948632249758,0.07359740565249846,0.03119581168736314,0.006367576066192004,0.11870238143377511,1.0,0.13597917282523686,1.0,male,4
0.05104150368718149,0.11868353784234481,0.051076626134770584,0.008784559803133501,0.1233408939424127,1.0,0.2155158394652997,1.0,male,4
0.029577886401126106,0.07369756620991705,0.029609615066922557,0.006946937526606794,0.05504650228909299,1.0,0.12935737924655585,1.0,male,4
0.043716030278173924,0.09826433630284839,0.04375256957300427,0.006542914232694933,0.6461488771679393,1.0,0.2035393814881471,1.0,male,4
0.03420075361049515,0.07990120619205414,0.03423108458207115,0.004992724976891054,0.09132830886225984,1.0,0.13325389872820106,1.0,male,4
0.029946309316007155,0.07529344810208109,0.029997576654684503,0.00521570062817661,0.15264850674762798,1.0,0.12919371449761066,1.0,male,4
0.021166140972318816,0.06476143186126207,0.021181978715270496,0.004570262218190976,0.020169408370388716,1.0,0.08999810057384873,1.0,male,4
0.024416553982532577,0.06718582754974851,0.024438364726086324,0.005012818922538826,0.038816639858915175,1.0,0.10512300549322703,1.0,male,4
0.030013060922543546,0.07812658555073998,0.03008233450367565,0.0076205340382688065,0.12733452440207482,1.0,0.11822531478697706,1.0,male,4
0.032211595369857106,0.07930140311893619,0.0322730148203077,0.007373054158806584,0.2378774571589427,1.0,0.13078570564575392,1.0,male,4
0.06079060726662271,0.1306014298885631,0.060849782655127804,0.01219814578220096,0.8825543538869455,1.0,0.2287688151601015,1.0,male,4
0.039911522931075596,0.08818451624721481,0.03999027880270223,0.009542586273583304,0.2151914837668349,1.0,0.14606106510776753,1.0,male,4
0.035072770298329885,0.08925787420739716,0.03514912606599592,0.005740901022938686,0.1690409839843661,1.0,0.14381549597985388,1.0,male,4
0.0476964847057646,0.07967245718943426,0.04774773824078052,0.021359777125984376,0.6360165058206004,1.0,0.14115974082784796,1.0,male,5
0.059260750602120355,0.09203937520429059,0.05929604514074958,0.025841224341528135,1.0,1.0,0.19477947886073363,1.0,male,5
0.06084043965185169,0.09470812697500641,0.06089726207660999,0.026688168865575974,0.2460062503237512,1.0,0.19626389291412094,1.0,male,5
0.036838509740013424,0.0677731126400547,0.03692701481558082,0.017224197848277795,0.17748909200164717,1.0,0.0960576322250128,1.0,male,5
0.08518092097128263,0.11062063027489631,0.0852281053445996,0.03890077160854727,1.0,1.0,0.2680689633872221,1.0,male,5
0.07594555018956914,0.12435429615587973,0.0760158260320205,0.02742038454768414,0.7208843890038344,1.0,0.23267728771899027,1.0,male,5
0.04871616691069275,0.09056845213803098,0.04877003738341173,0.019069868828912696,0.5094812040774523,1.0,0.1478723317220213,1.0,male,5
0.04387808864359759,0.07086287340041886,0.04396667125523099,0.019749352563729155,0.3007867843693558,1.0,0.1108755213067206,1.0,male,5
0.04453641731793343,0.07928257405918816,0.044590253370762965,0.02023374506552583,0.7548298069824994,1.0,0.14110855241366932,1.0,male,5
0.08672047030814242,0.13039625229237894,0.08676976984509166,0.03894230775304485,1.0,1.0,0.2578846448734089,1.0,male,5
0.030900197036773477,0.055815076859753905,0.030974537283826126,0.013290122390036954,0.20871279010042595,1.0,0.08595596411739795,1.0,male,5
0.06858561456244923,0.09837607872097887,0.06863383966182397,0.03362988153285546,0.7322392356234778,1.0,0.20821346538376762,1.0,male,5
0.046156846638390286,0.08514020230178966,0.046195501266184436,0.018013560592148807,0.10082766693138806,1.0,0.15641399692455732,1.0,male,5
0.048847136436989215,0.08281776752912888,0.04889601208880038,0.022072499341160113,0.2735322009776309,1.0,0.15735944333701934,1.0,male,5
0.10760381429844705,0.14718636854451658,0.10765146896498953,0.043972087757520706,1.0,1.0,0.3661780347664261,1.0,male,5
0.03171143394582255,0.05716192778910322,0.031777301624093014,0.013406363496705561,0.40939574096937453,1.0,0.08351662102535444,1.0,male,5
0.05098587554274712,0.07495832567729611,0.05102477221124736,0.023768950386820347,1.0,1.0,0.147169322410876,1.0,male,5
0.022406588092122103,0.04616404421037784,0.02249170656105981,0.010885397685519995,0.046008729412037916,1.0,0.05810482291715466,1.0,male,5
0.05015999098540907,0.08233980529175144,0.05019742184267728,0.023518491667745216,0.20507272648104827,1.0,0.14117957666791697,1.0,male,5
0.05034877164460467,0.08348719616249624,0.05038467235761048,0.018443757839501956,0.08972678259882919,1.0,0.16829621351095955,1.0,male,5
0.05138548455146426,0.09167873386209746,0.051456932095814444,0.018043965704265592,0.5746554623451842,1.0,0.16462872120494845,1.0,male,5
0.0681644130620061,0.1110919870926912,0.0681989484191178,0.0265227694614959,1.0,1.0,0.19723717996040319,1.0,male,5
0.02712054322543055,0.05048113414189275,0.027207163423105495,0.013338031665139175,0.054000916876844225,1.0,0.06673855587432422,1.0,male,5
0.04556878927010686,0.0690957217369371,0.04561845656988466,0.02309836273432879,0.4378807462959147,1.0,0.11423545293190997,1.0,male,5
0.04347468470047671,0.06862829053811115,0.04354598552109241,0.01858530555295852,0.3929733095243081,1.0,0.10751332731119578,1.0,male,5
0.048730916257879446,0.08041750184779163,0.04877340060519366,0.01939304005613064,0.9915802077397947,1.0,0.15148388810125757,1.0,male,5
0.03903956456467666,0.06423806978703185,0.0391598699267021,0.01847369251778074,0.27271587667839026,1.0,0.0929107089899983,1.0,male,5
0.04852106266990957,0.08513575988061392,0.048585877839465386,0.019027676734142195,0.48722034394235203,1.0,0.1626446443915332,1.0,male,5
0.022818277849612417,0.0459091253230714,0.022891986503514292,0.010919863313186612,0.0674844383507052,1.0,0.06287453983287936,1.0,male,5
0.03950078898152038,0.07062636653264022,0.03952869760650853,0.016513752395116967,0.05679859652856505,1.0,0.1227483400559176,1.0,male,5
0.02837458094624705,0.04804578845479013,0.028400707418605262,0.015476344786418144,0.018235352070922996,1.0,0.06783066654367027,1.0,male,5
0.0383848677707632,0.06792717782353708,0.0384486499068234,0.017072661746219655,0.24194765730018444,1.0,0.1009340334485937,1.0,male,5
0.019207665804778992,0.04156775388123581,0.01933179425087345,0.00954853596942285,0.08633479392176219,1.0,0.05316827276842278,1.0,male,5
0.04834699829844796,0.07134575984318642,0.04837508008166568,0.02167347837936952,1.0,1.0,0.17199216823846436,1.0,male,5
0.03835376368748654,0.06948530630335253,0.03841771492193222,0.016098658788293533,0.2553255581066075,1.0,0.11296342475514273,1.0,male,5
0.058840237211910236,0.10234809498005111,0.0588967649197705,0.022897279314407378,0.5812241747678275,1.0,0.18511215697702732,1.0,male,5
0.04600848006787571,0.0778400535415125,0.04606096561580975,0.020539309310108205,0.15790735317410487,1.0,0.14033205989501135,1.0,male,5
0.07231405442145403,0.11723846390093301,0.07237618622605295,0.025836235461859557,0.38954457743174553,1.0,0.22734626417068365,1.0,male,5
0.03722940433598268,0.06432217884675535,0.03728269004729261,0.01762039441326053,0.4787935996410422,1.0,0.10141466497813431,1.0,male,5
0.04197606632370329,0.07252895466421008,0.04205336427411056,0.019095035281749734,0.11611100622702132,1.0,0.1189124942767878,1.0,male,5
0.03362069364584088,0.06250804041901827,0.033676734831336395,0.014598226910729538,0.3444594851719837,1.0,0.10355876649813844,1.0,male,5
0.09388889345369705,0.1278487612844242,0.09395332294181485,0.04274468639448638,0.3615581219535624,1.0,0.2842771326252269,1.0,male,5
0.032512366366122245,0.055156037791397564,0.03258520033639052,0.013599780914393195,0.29684817441828626,1.0,0.08623159721334653,1.0,male,5
0.03358498992092163,0.05786744747252869,0.03365607766566199,0.017558345612885697,0.40993283741465775,1.0,0.08901176286414561,1.0,male,5
0.024725282388408928,0.05089295586605929,0.024816310473011603,0.011374999717307816,0.09517402312305731,1.0,0.07037388647675216,1.0,male,5
0.051218715014490705,0.07987815717846854,0.05128827694930981,0.02299081064580556,0.9896738720984479,1.0,0.17173550404451823,1.0,male,5
0.0431083091426894,0.07050246065735583,0.043162643154971835,0.01907203467880955,0.17777277964766403,1.0,0.1170288946830721,1.0,male,5
0.03438198163129465,0.05871064317059504,0.03444977425737436,0.016633666461574603,0.5016792599876855,1.0,0.09244911874351569,1.0,male,5
0.02498900357058003,0.05049770165590866,0.02505064465072722,0.011395852557719802,0.17228921372428516,1.0,0.07212429562331066,1.0,male,5
0.052163109756971325,0.08946947544971409,0.052216831557280435,0.024809180313116245,0.27190781922093393,1.0,0.14048242780676096,1.0,male,5
0.045071978801240545,0.11497827305639022,0.04515474274017005,0.012334928745472578,0.20500377044144918,1.0,0.1809004177052473,1.0,male,6
0.05970007002122254,0.11897404440984977,0.05983186513328288,0.022813830425071895,0.49250612796900384,1.0,0.1844771313240974,1.0,male,6
0.04917911542275014,0.09710980151090605,0.04928372374884492,0.01423603260785172,0.24187228905514246,1.0,0.206516889899939,1.0,male,6
0.03285764313085201,0.08105624956822137,0.032889007201867576,0.01026155298379211,0.03698238048675743,1.0,0.13175435278441733,1.0,male,6
0.05025610475814138,0.10644472511473822,0.05028590915485031,0.017887296689899714,0.057540561899510574,1.0,0.1684293513386821,1.0,male,6
0.06715805922203757,0.1264032704615548,0.06727003436799472,0.02315254262869147,0.7553364924021071,1.0,0.2327826215774056,1.0,male,6
0.03581758431320573,0.08609010869146277,0.03590010541779997,0.0127043894879507,0.2664645330527265,1.0,0.14785172412716183,1.0,male,6
0.057378824843265,0.12108735534337813,0.05748472071323727,0.01803491609082587,0.45237631484570434,1.0,0.20759650010594616,1.0,male,6
0.02897371942100742,0.06671812669282681,0.029058167869282274,0.010711032790340285,0.35793744694963175,1.0,0.13909433656242462,1.0,male,6
0.038446910760810804,0.0926532135433009,0.03853040342798472,0.012391117827765759,0.2535211000037098,1.0,0.1412556055788076,1.0,male,6
0.060051890436815025,0.11586985369490055,0.060190135626193624,0.022041183044391843,0.5591063790536719,1.0,0.2093558276914173,1.0,male,6
0.06401616015901782,0.11487126928144811,0.064170267497687,0.025843141675488502,0.3792768393679137,1.0,0.21970334321448715,1.0,male,6
0.04532824860976648,0.09014305115514713,0.04538908536484894,0.02201221856312204,0.10872589545628722,1.0,0.12915162819863166,1.0,male,6
0.03847091737168664,0.08843831245309944,0.038562277919008604,0.012019823798877918,0.2875081115658951,1.0,0.15472790801694067,1.0,male,6
0.048800915515060085,0.11568516730167366,0.04891350691172938,0.018877781950641267,0.32195439100067885,1.0,0.16851005770306265,1.0,male,6
0.051233252692246344,0.10895065778562629,0.05129044339793095,0.017626621506752586,0.09628398185764134,1.0,0.17584847529980946,1.0,male,6
0.04609628219860255,0.09812334505795449,0.04621047810756002,0.01713170245387193,0.3235659887073732,1.0,0.14150890456457876,1.0,male,6
0.06269406613194244,0.1251271779761498,0.06283514785297853,0.024936767666654983,1.0,1.0,0.18296062618733508,1.0,male,6
0.05649479504215032,0.12049245252936996,0.05658481689801295,0.01661094987110832,0.16387571394881675,1.0,0.22066932980749043,1.0,male,6
0.010113400571130346,0.030891087125856434,0.0101492787705338,0.0030528675116080995,0.020962211064792596,1.0,0.04144798826962813,1.0,male,6
0.05583626627088453,0.11934269255733802,0.055960923794267606,0.01985298262169573,0.15613555662691492,1.0,0.18153157869810918,1.0,male,6
0.03111163591451947,0.06430753991814514,0.031158782091961164,0.009884572923095998,0.5445162875356561,1.0,0.1640316325610211,1.0,male,6
0.030195327797977546,0.09137325667449456,0.030308239298231694,0.009630544140389805,0.08931168334844308,1.0,0.12370239819153828,1.0,male,6
0.04418784269988062,0.10342800778453845,0.04431133741817166,0.015008901510651197,0.28931723706509094,1.0,0.1534701749692974,1.0,male,6
0.03494712279890891,0.07799690649502596,0.0350427241816789,0.017786613257061174,0.25020374183389027,1.0,0.10241043283566359,1.0,male,6
0.03583973323541646,0.09206297106488819,0.03592449507074698,0.011555949864619466,0.12766604272144053,1.0,0.13366635096491852,1.0,male,6
0.032414563516354175,0.09610114771035043,0.03250030261691427,0.009995111792509712,0.08199787403395098,1.0,0.13455887988142004,1.0,male,6
0.05355266706435756,0.11468638473054381,0.05359511537166891,0.020786379227904165,0.08039100585684751,1.0,0.18473935575912753,1.0,male,6
0.03938229074222302,0.07124027370918432,0.03948253530713692,0.013334079958547103,0.26662738610235076,1.0,0.17895457365923487,1.0,male,6
0.06247092427266205,0.11696711254837751,0.06256926845462404,0.02377746436739664,0.2666940347249126,1.0,0.1891811215537736,1.0,male,6
0.06538532874882574,0.12034428172262226,0.06555752632642008,0.02840670599618977,0.6450044531327372,1.0,0.17796265937145686,1.0,male,6
0.03878070701712872,0.08599233201691668,0.03881916785098299,0.016406111812608582,0.050331896923292374,1.0,0.12731073036013626,1.0,male,6
0.06715165555732189,0.11802817866885666,0.06723227210393179,0.026141737708884526,0.22332605833254685,1.0,0.1907806192772259,1.0,male,6
0.05246299718669233,0.10347427097691224,0.052612539201953024,0.017698876638023185,0.2820067835240654,1.0,0.19070886092180753,1.0,male,6
0.05058914990758577,0.10689463459596335,0.05069009056760052,0.017310353058492833,0.4059146703420774,1.0,0.16360390869791774,1.0,male,6
0.06975476439851855,0.12080348593514785,0.069845070844604,0.030534724521831348,0.7511544164997265,1.0,0.1830244376158178,1.0,male,6
0.05859549826773623,0.1218938462970489,0.05867661407120814,0.02097349300197047,0.340437701391942,1.0,0.19427393801085185,1.0,male,6
0.028263866570435926,0.08255517938061262,0.028375088726913317,0.010081422902942826,0.24031689752058136,1.0,0.11547082489896246,1.0,male,6
0.03959044083982713,0.09830538285451068,0.039699939524074065,0.013434869888537811,0.21300433820414028,1.0,0.14075865377462865,1.0,male,6
0.05025146891974182,0.10856372500291739,0.0503149572373728,0.017222947589208247,0.5299892790481335,1.0,0.16218177170154863,1.0,male,6
0.034411587686688096,0.08687885222148359,0.03443873884805674,0.012140738500247368,0.03960605490787669,1.0,0.1244091975410609,1.0,male,6
0.0589059011907446,0.11285062278450701,0.05902427738938169,0.019976596436132928,0.2220438592158936,1.0,0.1957757261395279,1.0,male,6
0.05553420676799038,0.11792461009529412,0.05563257316101743,0.019598388625006208,0.6502706400026517,1.0,0.1974690879000173,1.0,male,6
0.04362298021849247,0.09221352023871253,0.04373283083551119,0.016320911514273555,0.12703127266764244,1.0,0.1370118308197976,1.0,male,6
0.03821156574832892,0.09930982242423674,0.038339467729743365,0.014663429719393077,0.17011253359077694,1.0,0.1390312498219432,1.0,male,6
0.04183491465874751,0.087427102700278,0.04196107008214755,0.017589492379612746,0.17089831006171813,1.0,0.1288434365814907,1.0,male,6
0.051340703579290346,0.09973118984661432,0.05141748713536488,0.020248789687937297,0.15460188044761297,1.0,0.15840770375292548,1.0,male,6
0.04504186023338645,0.11233495744739992,0.045129411596470576,0.012266601818986757,0.28371080545223387,1.0,0.17520599057635672,1.0,male,6
0.03067337394032887,0.08035890260261469,0.03075542436558204,0.01212124759452438,0.08163500389989652,1.0,0.11222970031009748,1.0,male,6
0.07447971369260185,0.12910865766522917,0.07459036464548466,0.02966348795763136,0.6044242194178057,1.0,0.2372251802893403,1.0,male,6
0.06034300269992017,0.11031461914164431,0.06038648820692632,0.024242486510798886,1.0,1.0,0.1868187927133135,1.0,male,7
0.017874693749329405,0.04504957925914582,0.017943714440210513,0.005401284217747479,0.05667702815057964,1.0,0.06731018269989009,1.0,male,7
0.04064778767790697,0.0796106201538038,0.040702364881176,0.013545785167570077,0.6862312749438759,1.0,0.14666316209761437,1.0,male,7
0.034141081755484,0.08590565369179542,0.034195059369255196,0.009939877835030855,0.08034465021058612,1.0,0.12785201156892495,1.0,male,7
0.027466532006041166,0.06155180929220748,0.027532888411509658,0.007505296383660301,0.07404816883998948,1.0,0.09257426737142063,1.0,male,7
0.04203450166200165,0.09789365330469349,0.042053820841067596,0.010167586002481266,0.06199751631914992,1.0,0.17881480221324428,1.0,male,7
0.03312134108002345,0.07644223146361318,0.03317047762511009,0.010434191539581356,0.2746303263779391,1.0,0.1411314014577822,1.0,male,7
0.051140474208433505,0.0979766184957503,0.05118870411979246,0.018300893560803267,0.9340063203949874,1.0,0.1811531556393487,1.0,male,7
0.03934050937593336,0.08609487532055868,0.03938862010159034,0.013318268137820029,0.5698472476126614,1.0,0.15798707438719373,1.0,male,7
0.03893129568999874,0.09030048063386752,0.03901367451219021,0.010618698585108569,0.376993747810077,1.0,0.15562992929541802,1.0,male,7
0.030604574904114463,0.06669436474533542,0.030687547835744736,0.010684191909944558,0.12151713756086863,1.0,0.1027100675337614,1.0,male,7
0.02446006420876554,0.06001248172687017,0.024514590397896194,0.006051300724460742,0.09649087087129309,1.0,0.09848764326085552,1.0,male,7
0.032490952334408234,0.07181859100062128,0.03255190107487313,0.01010448454727135,0.12841467043063667,1.0,0.1311138867049875,1.0,male,7
0.040494772037757996,0.08467129581503355,0.04054362931700384,0.014064204791104923,0.20286776997176809,1.0,0.12390427112032987,1.0,male,7
0.027888384680367292,0.06611430700738984,0.027939917763219344,0.007765841797222478,0.18095383335618825,1.0,0.12140259301749325,1.0,male,7
0.04342353756503556,0.09622069605366855,0.04347883168897775,0.012449646182134727,0.4309282832567283,1.0,0.19066013652880634,1.0,male,7
0.03355260882822719,0.07692190594510212,0.033600130908777774,0.01147961510829123,0.403580892450342,1.0,0.15703280093035052,1.0,male,7
0.04672254534465538,0.10005317147839231,0.04674663250887473,0.013887144467938962,0.10445328746677433,1.0,0.19946033705894317,1.0,male,7
0.04508520956423738,0.08433200507956119,0.045109310944079314,0.013050410213877293,0.10202698393313084,1.0,0.1878629023635671,1.0,male,7
0.03339949001028352,0.07833146425302258,0.03344861382668294,0.010232679591041693,0.11717692170174548,1.0,0.1351622278704036,1.0,male,7
0.04697630503909583,0.09054013222268868,0.04703936989361524,0.016205009571147063,0.16895476358743797,1.0,0.13938588334348262,1.0,male,7
0.013800653907186483,0.03873876309031731,0.013820860338848932,0.004633682073166297,0.014147819130292377,1.0,0.05192895190310324,1.0,male,7
0.030425804545798983,0.07271129408277449,0.030462649578043996,0.011141985016813858,0.07505612463530667,1.0,0.12488724496135903,1.0,male,7
0.027164381820259143,0.06634961772187482,0.027209242762018464,0.008043524120210576,0.06688170677290282,1.0,0.09947153153016419,1.0,male,7
0.053439769078258,0.10749283635970036,0.053499435101197944,0.019210484110938716,0.9690853316851585,1.0,0.16208278952350116,1.0,male,7
0.028982993806091092,0.06967952573934835,0.029048256277738136,0.008753318249195608,0.128150825175057,1.0,0.12695769966367046,1.0,male,7
0.03612924389800987,0.07686987127217769,0.036160506326658653,0.014974074612759795,0.4101544055302945,1.0,0.10574939675522747,1.0,male,7
0.03548148442146303,0.07575882341178691,0.03553670776793897,0.011816009000379032,0.5877915418398891,1.0,0.14349712703534612,1.0,male,7
0.030354455566168018,0.06596689386309476,0.03039388203153373,0.011367349642966307,0.06703750453896465,1.0,0.11690634605090476,1.0,male,7
0.03420331214913787,0.07994878070856014,0.03425694343658532,0.011419280346143278,0.29093151010381396,1.0,0.14945921638793946,1.0,male,7
0.053970139293134274,0.10155506842327515,0.05402268049360731,0.020688314649982515,1.0,1.0,0.1743186356759463,1.0,male,7
0.039846277535937905,0.08642790310544715,0.03991500121279708,0.010522904244557471,0.3590995882776445,1.0,0.1863614256250322,1.0,male,7
0.040555076805223536,0.09098232237310251,0.04061046918458384,0.012335654459642468,0.47834731419659393,1.0,0.16759888520023916,1.0,male,7
0.034430821738098805,0.07507583636254417,0.0344937789180964,0.011673938648895382,0.3638640832381273,1.0,0.14912676879168127,1.0,male,7
0.03540379624722682,0.08317929186783325,0.035464917207532934,0.01126259912248885,0.3047818542333316,1.0,0.1616972415633646,1.0,male,7
0.03248591988227101,0.06926502756239034,0.03255268058735819,0.010776335180960552,0.2164334287057207,1.0,0.12725815246676644,1.0,male,7
0.05702471733795878,0.10986290223380903,0.05706383118596007,0.021948417188313595,1.0,1.0,0.1799744973114728,1.0,male,7
0.0457136120629236,0.09575133305411859,0.045764377358110744,0.01716578234449481,0.43782867034164324,1.0,0.15746411260753548,1.0,male,7
0.05475721034070326,0.10635270232648951,0.05480666509204932,0.021299577465099424,0.8090347918978256,1.0,0.16981327951268274,1.0,male,7
0.056843472673993756,0.109460976983415,0.05690112453266517,0.020735922437659298,0.9307713695172365,1.0,0.18423416990272307,1.0,male,7
0.05950824541854796,0.1139577096062672,0.0595460551126992,0.020605022713471387,1.0,1.0,0.20850019497042904,1.0,male,7
0.0159869827674486,0.047038404082775306,0.016015219122878673,0.0044748827523189,0.03751639237538087,1.0,0.07438143142573161,1.0,male,7
0.03932949050246424,0.0911489820364632,0.03939056643266927,0.0144374359589399,0.26027008829788556,1.0,0.15848733523145356,1.0,male,7
0.05305722350041014,0.1109084352543284,0.05313070843502536,0.019426216882264764,0.391350761986245,1.0,0.2013825690949838,1.0,male,7
0.07434772648794602,0.12651648230895982,0.07439703392524555,0.025254151150700666,1.0,1.0,0.27649621411805714,1.0,male,7
0.04745834327695373,0.10663903468508452,0.04751262342672457,0.015000164450340754,0.28976916307375206,1.0,0.18496340914406156,1.0,male,7
0.024794441213342747,0.06087599285478899,0.024841293929420208,0.007416662607673037,0.039944865420740994,1.0,0.08521732310270323,1.0,male,7
0.033153841292185675,0.07459354179514298,0.033203281461159986,0.01162733783742008,0.2173014498162682,1.0,0.11085655141439785,1.0,male,7
0.03185652609326521,0.07621264463480328,0.03192806351625422,0.010471554172083616,0.17601239621872153,1.0,0.12694219435495688,1.0,male,7
0.040999935092383234,0.09043651249148378,0.041047438559294186,0.012956569850362339,0.7305308458879233,1.0,0.15289127760420487,1.0,male,7
0.04910099491453322,0.10491650081806587,0.04916555069788255,0.018294134897985613,0.16259776566933865,1.0,0.1682732889713315,1.0,male,8
0.04904663006702774,0.09846388270154961,0.0491001973517237,0.020165615530246355,0.5521813295011888,1.0,0.14008741631302044,1.0,male,8
0.036234633911602386,0.0745839977103077,0.03626908255795468,0.015016482550814338,0.04999966947363517,1.0,0.13611831129564922,1.0,male,8
0.01689220066093389,0.04924007007744655,0.016952751811098416,0.006971665408297177,0.027398601168365788,1.0,0.0639659402945303,1.0,male,8
0.05110283654390658,0.1081299940711956,0.05116070797984029,0.02050694010383624,0.7127315998680297,1.0,0.1822953575767796,1.0,male,8
0.02463385363170355,0.05802141308019618,0.024732003736498785,0.011190301411212949,0.11064547990668085,1.0,0.0825879982340904,1.0,male,8
0.02129237219380345,0.05273475763781568,0.021387815395490554,0.007794653057443885,0.05788834900324131,1.0,0.07468243802761654,1.0,male,8
0.030642430805546274,0.07519781334705548,0.03070250966097089,0.009854199003248958,0.17783804028925224,1.0,0.1260635071005867,1.0,male,8
0.04813604867485975,0.10219159275034996,0.0482085660386189,0.02051014930544944,0.5934403550880383,1.0,0.15818690233069382,1.0,male,8
0.050536819427988,0.0923940710537047,0.050605379510680074,0.023223961402458443,0.5843031563633567,1.0,0.16439195013697927,1.0,male,8
0.021895155253099374,0.054428386147088816,0.02194376643637497,0.008744592016911178,0.028355180613503533,1.0,0.07525796943340106,1.0,male,8
0.05046055169740232,0.10096086560240188,0.05056933611885961,0.022877474130130682,0.2054778701555601,1.0,0.16537653777869468,1.0,male,8
0.024459918926901296,0.05933138145907278,0.024514724299476525,0.008718743698036649,0.060052291856447455,1.0,0.08720407099308379,1.0,male,8
0.03410097753369903,0.08143287690255079,0.03413562237606739,0.010851082175784323,0.0425673421053429,1.0,0.11877830508744079,1.0,male,8
0.03404916379017365,0.07546853688957639,0.03409854224020078,0.013362650500873001,0.07734426706366763,1.0,0.12063013846852498,1.0,male,8
0.03201494854317227,0.07224417579913729,0.03206983672099734,0.011881665077740581,0.07496634298498366,1.0,0.12192309788334196,1.0,male,8
0.042744405323369726,0.08980420118683578,0.042862179976660905,0.019172215340508777,0.3921252454337228,1.0,0.13525724832948746,1.0,male,8
0.02441566294131168,0.05780448907509997,0.024514280319315875,0.008469820998486647,0.1134929927493656,1.0,0.08195329540083093,1.0,male,8
0.07820547265627067,0.1197455263511278,0.07827456262322037,0.032065149590544406,1.0,1.0,0.21412271587742818,1.0,male,8
0.04968528723773703,0.09516110896001127,0.04973906478497148,0.01967338918149767,0.7184278136765742,1.0,0.1537452162194671,1.0,male,8
0.04634507159183174,0.09384468631143947,0.04640985701702173,0.020716635404531142,0.4838167204261096,1.0,0.16259859658627435,1.0,male,8
0.029071634120216763,0.07285680655250351,0.029099732083371355,0.012265482912064554,0.035990998461723864,1.0,0.10622988802870544,1.0,male,8
0.031542167412987515,0.07806880374856535,0.03162305729057256,0.011728820589349622,0.14906150706669166,1.0,0.11520503701717218,1.0,male,8
0.032760819539614,0.06878215783289243,0.03284362027930054,0.014702887501902307,0.12338730713718435,1.0,0.10977738397063226,1.0,male,8
0.03705876525246205,0.09660426586029584,0.03712684918581907,0.01366349403629742,0.5667662093555537,1.0,0.1468930990850114,1.0,male,8
0.05096739297627455,0.09499946921178745,0.05104053234309289,0.023392467513979665,0.65583453479441,1.0,0.16467113615278334,1.0,male,8
0.02239092324927268,0.05364813488743209,0.022413392596545834,0.008185584662452363,0.02015984809374381,1.0,0.07622378212809944,1.0,male,8
0.05581801931092463,0.1058641117176129,0.05588361152699356,0.02323419811567754,0.45382657537165055,1.0,0.19020962317767345,1.0,male,8
0.04468601840785798,0.0889931828119545,0.044768082619010836,0.02245102896313306,0.31650876689685176,1.0,0.13315651438412637,1.0,male,8
0.026739046614728486,0.06375887384714017,0.026829206138657,0.011381208524399708,0.18011862262012776,1.0,0.09981424975681794,1.0,male,8
0.029037588253845507,0.07500683600271812,0.02913121577088199,0.008583745129869416,0.14080564526025602,1.0,0.11522160607571102,1.0,male,8
0.06616943782559154,0.12384758973825505,0.06622440516964595,0.02704114088863248,0.38057465591960327,1.0,0.2400807429095904,1.0,male,8
0.03766173005567403,0.08058478310205536,0.03774238569267873,0.01664739428525021,0.10104039987108333,1.0,0.11703251495033568,1.0,male,8
0.03585915503449756,0.0762517342860606,0.03590108824570988,0.015970645272839902,0.07221421994103001,1.0,0.11236461728622842,1.0,male,8
0.03416750870218225,0.07195074010412153,0.034229617379479334,0.016216142744885528,0.07952280590342435,1.0,0.12056536573319765,1.0,male,8
0.04239560222260606,0.09125712053604715,0.04240949735746874,0.015348540216707856,0.031487509311355175,1.0,0.1627107721550435,1.0,male,8
0.03822298134717454,0.08761426529150208,0.03831113789071777,0.013592955232805175,0.28530579190409844,1.0,0.1468426573719061,1.0,male,8
0.030913552977939025,0.07213478414095936,0.03100156182634907,0.015059846000426846,0.11994669192570437,1.0,0.09972468514010727,1.0,male,8
0.06915842932114952,0.13842313699556877,0.06924347191777194,0.021708447185007862,0.8614693755205548,1.0,0.2734780939068157,1.0,male,8
0.0355587472769705,0.07591910682228957,0.03564468252314951,0.014232783541370501,0.30450263766993046,1.0,0.1351472124881019,1.0,male,8
0.0248494311399337,0.05691253520777449,0.024881931121034376,0.009653414568225688,0.027318232736023153,1.0,0.08171244529907706,1.0,male,8
0.023867110882658762,0.05107691591030662,0.02398395200898005,0.01055407188865937,0.07374916073311918,1.0,0.07148730788992418,1.0,male,8
0.02851236352377283,0.07541574563860629,0.028543678104909872,0.01215668888988565,0.03510249149434184,1.0,0.10423191784645239,1.0,male,8
0.04596056094531435,0.09625178393850502,0.046053256367514915,0.018446922635647827,0.22082208063741013,1.0,0.15209157767011364,1.0,male,8
0.01843303656843144,0.05016894610482514,0.018515934247477547,0.006801777228718218,0.057684668524693165,1.0,0.07034612017802523,1.0,male,8
0.022972007002264597,0.05765193004353691,0.022996513732579923,0.009124909009130754,0.015074673188021576,1.0,0.08495879525627516,1.0,male,8
0.031811624437088085,0.07028611830145803,0.031909890020295165,0.013881256685698036,0.0880667622329106,1.0,0.10834112288754245,1.0,male,8
0.03945888358787894,0.08373978988739408,0.039546608269645935,0.01881621333584894,0.16428965043625726,1.0,0.12471236082022095,1.0,male,8
0.034570410522346176,0.0736527330232328,0.03465549723496701,0.014252070513845597,0.21539211113455534,1.0,0.1216505199060422,1.0,male,8
0.03506127977091444,0.08579120176108869,0.03514409170813614,0.011410069579520463,0.13098138789574715,1.0,0.12240021518637483,1.0,male,8
0.035321047057985784,0.07015507194571978,0.03536602757440415,0.014678259608351571,0.09144749051208208,1.0,0.10420241473915519,1.0,male,9
0.018976920976811012,0.04919269473347214,0.019048271464156684,0.007343244271121748,0.1005614864557647,1.0,0.08092588523995313,1.0,male,9
0.02070769778336624,0.04985324107981878,0.02079858466558276,0.008873885500864868,0.07173594742108236,1.0,0.07174982676309744,1.0,male,9
0.03394967734294074,0.07222361381395574,0.03399834280124588,0.010959059429515238,0.4284146163082626,1.0,0.1316639388605285,1.0,male,9
0.02285615856167094,0.051028905951823564,0.022871869786684876,0.009018193583171241,0.017850634164306826,1.0,0.07740181631990897,1.0,male,9
0.021601733643979184,0.051358945239244315,0.02169953895983622,0.007965123577759569,0.06520296213572366,1.0,0.07051294821478137,1.0,male,9
0.013492768148525703,0.03951735681213022,0.01355781275518697,0.004668975409691562,0.07741690638149364,1.0,0.05371517647185285,1.0,male,9
0.022863178353524933,0.05916640772234345,0.022924220672033594,0.006634956240706096,0.11706079029886446,1.0,0.0939157852182629,1.0,male,9
0.03218957103154316,0.07139017481876124,0.03223351224618821,0.011519593290396528,0.23258495179024433,1.0,0.12124866412653135,1.0,male,9
0.02792777494969289,0.06369072198763431,0.027960641094065777,0.009122809858463195,0.04557979718516174,1.0,0.09654818136879498,1.0,male,9
0.024942681278680805,0.06489276309210534,0.02500182036544792,0.00773316289950295,0.09555284791029929,1.0,0.10227627931656462,1.0,male,9
0.030011493797641713,0.06564317312943779,0.030062955272974805,0.01014328841102199,0.49862178257925344,1.0,0.11285243570515192,1.0,male,9
0.04265989674075509,0.07464661231847848,0.04271380298719951,0.014495117793162359,0.3200280478986609,1.0,0.1438056331195522,1.0,male,9
0.019329312956387366,0.05064382274442119,0.01940607717349098,0.006601229452329231,0.10487089414125284,1.0,0.0738696201678081,1.0,male,9
0.021623298402267847,0.05578154711580843,0.021680459116456993,0.00753506884774012,0.16198947729392738,1.0,0.08541621717456671,1.0,male,9
0.049182545740348665,0.09339448154427933,0.04922176818619282,0.015473470839380601,0.603296228956977,1.0,0.17145373825235036,1.0,male,9
0.020684545837393452,0.049687282353315126,0.020739078866899612,0.007815455364049026,0.08934743586647914,1.0,0.07543050403163773,1.0,male,9
0.03406307987468855,0.0702849248257591,0.03410673071077339,0.011132385751800755,0.4225943725080067,1.0,0.13005184320951624,1.0,male,9
0.021675424201724674,0.05423177022848766,0.02173140633418674,0.008530265857239453,0.057746707806796325,1.0,0.07356310792217885,1.0,male,9
0.015995927581323698,0.0467845009992909,0.016046909241479657,0.005086758728274861,0.044791832441888245,1.0,0.06647457370813444,1.0,male,9
0.03512313889852589,0.07129841258432261,0.03516556982078122,0.013863175211398711,0.609831069611942,1.0,0.12636544255657658,1.0,male,9
0.029268786159878605,0.07134939910445545,0.029301364432586092,0.009070324184814097,0.053278369970877565,1.0,0.10867190838945558,1.0,male,9
0.02161521230796352,0.05387135862990896,0.02166645756307819,0.007258915257695964,0.21354514105872757,1.0,0.08347764162622222,1.0,male,9
0.024839907722097782,0.05745429009480687,0.024948829641205223,0.00944064172397613,0.08929306975039357,1.0,0.08296304252326434,1.0,male,9
0.032091330579997294,0.06984883833697457,0.03212955055745503,0.011071818455054765,0.07055153892889413,1.0,0.11608304787814369,1.0,male,9
0.04143257237201056,0.08036770463575843,0.04147140447068654,0.014218439412523303,1.0,1.0,0.15548322774207363,1.0,male,9
0.031206547797071743,0.0654847366309501,0.03124007425243783,0.011283812654953224,0.0655890669923346,1.0,0.1069536857100192,1.0,male,9
0.024191745767336445,0.061569332703163775,0.02426184127585353,0.008870762892572288,0.08386035215042265,1.0,0.09247629735057174,1.0,male,9
0.022831302630691542,0.05550597237391089,0.02290792836058663,0.008336250832566804,0.12001091265622028,1.0,0.08049565365289742,1.0,male,9
0.03713292707024601,0.07300498225827003,0.037210382249502356,0.014492170369626474,0.1754594754769672,1.0,0.11541331058539868,1.0,male,9
0.030106586482184804,0.06532120109514526,0.030159978804953903,0.010420699486958012,0.09595358980129068,1.0,0.09972251079457833,1.0,male,9
0.02204086991531709,0.04887962903503025,0.02208886486497554,0.007639618819442589,0.08627615873138403,1.0,0.0752187301803809,1.0,male,9
0.01963219268522476,0.0541761395327328,0.019703706997934955,0.005772214515945299,0.07694273863855795,1.0,0.07800473075386113,1.0,male,9
0.027854146206393756,0.06704371348919574,0.027918195452607285,0.010102722111485397,0.080097267843835,1.0,0.11174665263584121,1.0,male,9
0.023633508878528643,0.056235707892529165,0.023706051468070224,0.00967908435291867,0.1444353882487685,1.0,0.08319160897165159,1.0,male,9
0.023162890741872038,0.05525203117041281,0.023222343675641043,0.007947233072793831,0.10561739154209539,1.0,0.08525733418317462,1.0,male,9
0.031126177055282273,0.07067916707596605,0.031160348242362072,0.01130708266424357,0.05417180823459973,1.0,0.10408283246911462,1.0,male,9
0.026212125662451943,0.05910692910051626,0.026252949745574496,0.00890509848950729,0.09164141095919441,1.0,0.10315369568901349,1.0,male,9
0.020363260722301522,0.052857318755785684,0.020423620593979615,0.0070452214740510345,0.14224284885749341,1.0,0.07799959922391174,1.0,male,9
0.025009842323649605,0.05337839107887497,0.02507599949396145,0.009551129403639622,0.1807884816611721,1.0,0.07977060323361115,1.0,male,9
0.0372625594195766,0.07343440186954127,0.03730608594466217,0.013871090790711664,0.3403168673657711,1.0,0.12930478090979622,1.0,male,9
0.03235533669535199,0.06312718432959935,0.0323927298758612,0.013440044762057811,0.5986357545990263,1.0,0.10873793458467577,1.0,male,9
0.01947607842891989,0.053041233342738754,0.01951011521572721,0.007098107590705452,0.03909008456397431,1.0,0.08284667665193245,1.0,male,9
0.02871535799794532,0.06664038102241666,0.028759388780607274,0.008072133917792176,0.2950983596668771,1.0,0.113005952165046,1.0,male,9
0.03539742268765608,0.06989218760173146,0.03545035575934593,0.011502616320242555,0.10283976582804763,1.0,0.11546232192907849,1.0,male,9
0.027275975772089997,0.06177039334194625,0.027336680786542725,0.01079042396975645,0.2787575015315435,1.0,0.10150669876657625,1.0,male,9
0.03396686475194489,0.07993175467014857,0.034020036778134304,0.011914636974024813,0.3223960180118891,1.0,0.12091821105272552,1.0,male,9
0.0262532401239297,0.0630392779033322,0.026335464032928045,0.010440140842234377,0.26661892729698017,1.0,0.09598642708996642,1.0,male,9
0.023516425680956736,0.052680810094707105,0.02356627282096848,0.008593009664728164,0.13611779685769393,1.0,0.08091027234326835,1.0,male,9
0.02051908063055376,0.0512578575636016,0.020562770182690628,0.007829772252093959,0.271805492631208,1.0,0.07883947888839934,1.0,male,9
